Room_Number,Password,VLAN,Mode
0302A,1234567890,10,bridge
0302B,2345678901,10,bridge
0303A,3456789012,10,bridge
0303B,4567890123,10,bridge
0304A,5678901234,10,bridge
0304B,6789012345,10,bridge
0305A,7890123456,10,bridge
0305B,8901234567,10,bridge
0306A,9012345678,10,bridge
0306B,1023456789,10,bridge
0307A,2134567890,10,bridge
0307B,3245678901,10,bridge
0308A,4356789012,10,bridge
0308B,5467890123,10,bridge
0401A,6578901234,10,bridge
0401B,7689012345,10,bridge
0402A,8790123456,10,bridge
0402B,9801234567,10,bridge
0403A,1912345678,10,bridge
0403B,2023456789,10,bridge
0404A,3134567890,10,bridge
0404B,4245678901,10,bridge
0405A,5356789012,10,bridge
0405B,6467890123,10,bridge
0406B,7578901234,10,bridge
0407A,8689012345,10,bridge
0407B,9790123456,10,bridge
0408B,1801234567,10,bridge
0409A,2912345678,10,bridge
0409B,3023456789,10,bridge
0501A,4134567890,10,bridge
0501B,5245678901,10,bridge
0502A,6356789012,10,bridge
0502B,7467890123,10,bridge
0503A,8578901234,10,bridge
0503B,9689012345,10,bridge
0504A,1790123456,10,bridge
0504B,2801234567,10,bridge
0506A,3912345678,10,bridge
0506B,4023456789,10,bridge
0507A,5134567890,10,bridge
0507B,6245678901,10,bridge
0509A,7356789012,10,bridge
0509B,8467890123,10,bridge
0601A,9578901234,10,bridge
0601B,1689012345,10,bridge
0602A,2790123456,10,bridge
0602B,3801234567,10,bridge
0603A,4912345678,10,bridge
0603B,5023456789,10,bridge
0604A,6134567890,10,bridge
0604B,7245678901,10,bridge
0605A,8356789012,10,bridge
0605B,9467890123,10,bridge
0606A,1578901234,10,bridge
0606B,2689012345,10,bridge
0607A,3790123456,10,bridge
0607B,4801234567,10,bridge
0608A,5912345678,10,bridge
0608B,6023456789,10,bridge
0609A,7134567890,10,bridge
0609B,8245678901,10,bridge
0701A,9356789012,10,bridge
0701B,1467890123,10,bridge
0702A,2578901234,10,bridge
0702B,3689012345,10,bridge
0703A,4790123456,10,bridge
0703B,5801234567,10,bridge
0704A,6912345678,10,bridge
0704B,7023456789,10,bridge
0705A,8134567890,10,bridge
0705B,9245678901,10,bridge
0706A,1356789012,10,bridge
0706B,2467890123,10,bridge
0707A,3578901234,10,bridge
0707B,4689012345,10,bridge
0708A,5790123456,10,bridge
0708B,6801234567,10,bridge
0802,7912345678,10,bridge
0803,8023456789,10,bridge
0804,9134567890,10,bridge
0807,1245678901,10,bridge
0809,2356789012,10,bridge
0902,3467890123,10,bridge
0907,4578901234,10,bridge
0908,5689012345,10,bridge
1001,6790123456,10,bridge
1007,7801234567,10,bridge
1009,8912345678,10,bridge
1102,9023456789,10,bridge
1105,1134567890,10,bridge
1106,2245678901,10,bridge
1203,3356789012,10,bridge
1304,4467890123,10,bridge
20301,5578901234,10,bridge
20305,6689012345,10,bridge
20306,7790123456,10,bridge
20309,8801234567,10,bridge
20310,9912345678,10,bridge
20311,1023456780,10,bridge
20312,2134567891,10,bridge
20401,3245678902,10,bridge
20402,4356789013,10,bridge
20403,5467890124,10,bridge
20404,6578901235,10,bridge
20405,7689012346,10,bridge
20406,8790123457,10,bridge
20407,9801234568,10,bridge
20408,1912345679,10,bridge
20411,2023456781,10,bridge
20412,3134567892,10,bridge
20501,4245678903,10,bridge
20503,5356789014,10,bridge
20504,6467890125,10,bridge
20505,7578901236,10,bridge
20506,8689012347,10,bridge
20507,9790123458,10,bridge
20508,1801234569,10,bridge
20509,2912345670,10,bridge
20510,3023456782,10,bridge
20511,4134567893,10,bridge
20512,5245678904,10,bridge
20601,6356789015,10,bridge
20602,7467890126,10,bridge
20603,8578901237,10,bridge
20604,9689012348,10,bridge
20605,1790123459,10,bridge
20606,2801234560,10,bridge
20609,3912345671,10,bridge
20610,4023456783,10,bridge
20611,5134567894,10,bridge
20612,6245678905,10,bridge
20701,7356789016,10,bridge
20702,8467890127,10,bridge
20703,9578901238,10,bridge
20704,1689012349,10,bridge
20705,2790123450,10,bridge
20706,3801234561,10,bridge
20709,4912345672,10,bridge
20710,5023456784,10,bridge
20711,6134567895,10,bridge
20712,7245678906,10,bridge
20805,8356789017,10,bridge
20903,9467890128,10,bridge
21001,1578901239,10,bridge
30301,2689012340,10,bridge
30302,3790123451,10,bridge
30303,4801234562,10,bridge
30304,5912345673,10,bridge
30305,6023456785,10,bridge
30306,7134567896,10,bridge
30307,8245678907,10,bridge
30308,9356789018,10,bridge
30309,1467890129,10,bridge
30310,2578901230,10,bridge
30401,3689012341,10,bridge
30402,4790123452,10,bridge
30403,5801234563,10,bridge
30407,6912345674,10,bridge
30408,7023456786,10,bridge
30501,8134567897,10,bridge
30502,9245678908,10,bridge
30503,1356789019,10,bridge
30505,2467890120,10,bridge
30506,3578901231,10,bridge
30509,4689012342,10,bridge
30510,5790123453,10,bridge
30601,6801234564,10,bridge
30602,7912345675,10,bridge
30603,8023456787,10,bridge
30604,9134567898,10,bridge
30605,1245678909,10,bridge
30606,2356789010,10,bridge
30607,3467890121,10,bridge
30609,4578901232,10,bridge
30610,5689012343,10,bridge
30701,6790123454,10,bridge
30702,7801234565,10,bridge
30703,8912345676,10,bridge
30704,9023456788,10,bridge
30706,1134567899,10,bridge
30707,2245678900,10,bridge
30708,3356789011,10,bridge
30709,4467890122,10,bridge
30710,5578901233,10,bridge
30801,6689012344,10,bridge
30802,7790123455,10,bridge
30803,8801234566,10,bridge
30805,9912345677,10,bridge
30806,1023456789,10,bridge
30807,2134567890,10,bridge
30808,3245678901,10,bridge
30809,4356789012,10,bridge
30810,5467890123,10,bridge
30901,6578901234,10,bridge
30902,7689012345,10,bridge
30905,8790123456,10,bridge
30906,9801234567,10,bridge
30907,1912345678,10,bridge
30909,2023456789,10,bridge
31001,3134567890,10,bridge
31002,4245678901,10,bridge
31009,5356789012,10,bridge
31010,6467890123,10,bridge
31101,7578901234,10,bridge
31102,8689012345,10,bridge
31103,9790123456,10,bridge
31104,1801234567,10,bridge
31107,2912345678,10,bridge
31108,3023456789,10,bridge
31109,4134567890,10,bridge
31110,5245678901,10,bridge
31201,6356789012,10,bridge
31202,7467890123,10,bridge
31205,8578901234,10,bridge
31206,9689012345,10,bridge